Image Src,Gift Card,Variant Compare At Price,Option2 Name,Option1 Name,Title,Option3 Name,Variant SKU,Google Shopping / Custom Product,Variant Inventory Tracker,Variant Taxable,Google Shopping / AdWords Grouping,Type,Google Shopping / MPN,Image Alt Text,Vendor,Variant Image,Tags,Google Shopping / Custom Label 3,Google Shopping / Custom Label 2,Variant Grams,Google Shopping / Custom Label 0,Google Shopping / Custom Label 4,Google Shopping / Age Group,Google Shopping / Custom Label 1,Variant Requires Shipping,Google Shopping / Google Product Category,Variant Weight Unit,Google Shopping / AdWords Labels,SEO Title,Google Shopping / Condition,Body(HTML),Published,Handle,Variant Barcode,Variant Inventory Qty,Variant Inventory Policy,Option3 Value,SEO Description,Google Shopping / Gender,Variant Price,Option2 Value,Option1 Value,Variant Fulfillment Service
,,,,Part Number,Ozone / Salt Service Version- PS-185V-CMS,,USS_PS-185V-CMS,,shopify,,,Pumps,,,US SEAL,,"part,no-image,pump seal",,,,,,,,True,,,,Ozone / Salt Service Version- PS-185V-CMS,,,True,US SEAL PS-185V-CMS,None,5,deny,,Ozone / Salt Service Version- PS-185V-CMS None,,40.0,,PS-185V-CMS,manual
,,,,Part Number,Silicon Carbide Version- PS-3941,,USS_PS-3941,,shopify,,,Pumps,,,US SEAL,,"part,no-image,pump seal",,,,,,,,True,,,,Silicon Carbide Version- PS-3941,,,True,US SEAL PS-3941,None,5,deny,,Silicon Carbide Version- PS-3941 None,,66.32,,PS-3941,manual
,,,,Part Number,56-75 MFD.- BC-56,,USS_BC-56,,shopify,,,Pumps,,,US SEAL,,"pumps,residential,part,pool,no-image,capacitor",,,,,,,,True,,None,,56-75 MFD.- BC-56,,,True,US SEAL BC-56,,5,deny,,56-75 MFD.- BC-56 None,,4.82,,BC-56,manual
,,,,Part Number,"3/4"" Buna / Carbon Seal Assembly- PS-851",,USS_PS-851,,shopify,,,Pumps,,,US SEAL,,"pumps,residential,part,pool,no-image,pump seal",,,,,,,,True,,None,,"3/4"" Buna / Carbon Seal Assembly- PS-851",,,True,US SEAL PS-851,852661157414,5,deny,,"3/4"" Buna / Carbon Seal Assembly- PS-851 None",,6.03,,PS-851,manual
,,,,Part Number,Value Guard Version- VG-601,,USS_VG-601,,shopify,,,Pumps,,,US SEAL,,"part,no-image",,,,,,,,True,,,,Value Guard Version- VG-601,,,True,US SEAL VG-601,None,5,deny,,Value Guard Version- VG-601 None,,7.23,,VG-601,manual
,,,,Part Number,25 MFD.- RD-25-370,,USS_RD-25-370,,shopify,,,Pumps,,,US SEAL,,"part,no-image,capacitor",,,,,,,,True,,,,25 MFD.- RD-25-370,,,True,US SEAL RD-25-370,None,5,deny,,25 MFD.- RD-25-370 None,,9.93,,RD-25-370,manual
,,,,Part Number,"1-1/4"" Buna / Carbon Seal Assembly- PS-381",,USS_PS-381,,shopify,,,Pumps,,,US SEAL,,"pumps,residential,part,pool,no-image,pump seal",,,,,,,,True,,None,,"1-1/4"" Buna / Carbon Seal Assembly- PS-381",,,True,US SEAL PS-381,,5,deny,,"1-1/4"" Buna / Carbon Seal Assembly- PS-381 None",,62.57,,PS-381,manual
,,,,Part Number,36-43 MFD. (* 250 Volt)- BC-36M-250S,,USS_BC-36M-250S,,shopify,,,Pumps,,,US SEAL,,"part,no-image,capacitor",,,,,,,,True,,,,36-43 MFD. (* 250 Volt)- BC-36M-250S,,,True,US SEAL BC-36M-250S,None,5,deny,,36-43 MFD. (* 250 Volt)- BC-36M-250S None,,4.82,,BC-36M-250S,manual
,,,,Part Number,"1/2"" General Service Seal Assembly- PS-142",,USS_PS-142,,shopify,,,Pumps,,,US SEAL,,"part,no-image,pump seal",,,,,,,,True,,,,"1/2"" General Service Seal Assembly- PS-142",,,True,US SEAL PS-142,None,5,deny,,"1/2"" General Service Seal Assembly- PS-142 None",,6.93,,PS-142,manual
,,,,Part Number,378-455 MFD.- BC-378,,USS_BC-378,,shopify,,,Pumps,,,US SEAL,,"part,no-image,capacitor",,,,,,,,True,,,,378-455 MFD.- BC-378,,,True,US SEAL BC-378,None,5,deny,,378-455 MFD.- BC-378 None,,6.7,,BC-378,manual
,,,,Part Number,108-130 MFD.- BC-108,,USS_BC-108,,shopify,,,Pumps,,,US SEAL,,"pumps,residential,part,pool,no-image,capacitor",,,,,,,,True,,None,,108-130 MFD.- BC-108,,,True,US SEAL BC-108,,5,deny,,108-130 MFD.- BC-108 None,,4.68,,BC-108,manual
,,,,Part Number,"5/8"" General Service Seal Assembly- PS-2161",,USS_PS-2161,,shopify,,,Pumps,,,US SEAL,,"part,no-image,pump seal",,,,,,,,True,,,,"5/8"" General Service Seal Assembly- PS-2161",,,True,US SEAL PS-2161,None,5,deny,,"5/8"" General Service Seal Assembly- PS-2161 None",,5.57,,PS-2161,manual
,,,,Part Number,"3/4"" Seal Assembly for Pentair Pool U9-372SS- PS-2744",,USS_PS-2744,,shopify,,,Pumps,,,US SEAL,,"part,no-image,pump seal",,,,,,,,True,,,,"3/4"" Seal Assembly for Pentair Pool U9-372SS- PS-2744",,,True,US SEAL PS-2744,None,5,deny,,"3/4"" Seal Assembly for Pentair Pool U9-372SS- PS-2744 None",,7.3,,PS-2744,manual
,,,,Part Number,Ozone / Salt Version- PS-163V,,USS_PS-163V,,shopify,,,Pumps,,,US SEAL,,"part,no-image,pump seal",,,,,,,,True,,,,Ozone / Salt Version- PS-163V,,,True,US SEAL PS-163V,None,5,deny,,Ozone / Salt Version- PS-163V None,,10.82,,PS-163V,manual
,,,,Part Number,10 ml Tube- LUBE-10ML,,USS_LUBE-10ML,,shopify,,,Maintenance,,,US SEAL,,"pool,maintenance,residential,part,no-image",,,,,,,,True,,None,,10 ml Tube- LUBE-10ML,,,True,US SEAL LUBE-10ML,,5,deny,,10 ml Tube- LUBE-10ML None,,6.32,,LUBE-10ML,manual
,,,,Part Number,"1-1/4"" Seal Assembly for Sta-Rite U9-433SS- PS-3883",,USS_PS-3883,,shopify,,,Pumps,,,US SEAL,,"part,no-image,pump seal",,,,,,,,True,,,,"1-1/4"" Seal Assembly for Sta-Rite U9-433SS- PS-3883",,,True,US SEAL PS-3883,None,5,deny,,"1-1/4"" Seal Assembly for Sta-Rite U9-433SS- PS-3883 None",,12.18,,PS-3883,manual
,,,,Part Number,Ozone / Salt Service Version- PS-3868,,USS_PS-3868,,shopify,,,Pumps,,,US SEAL,,"pumps,residential,part,pool,no-image,pump seal",,,,,,,,True,,None,,Ozone / Salt Service Version- PS-3868,,,True,US SEAL PS-3868,852661157193,5,deny,,Ozone / Salt Service Version- PS-3868 None,,8.27,,PS-3868,manual
,,,,Part Number,Ozone / Salt Service Version- PS-3869,,USS_PS-3869,,shopify,,,Pumps,,,US SEAL,,"pumps,residential,part,pool,no-image,pump seal",,,,,,,,True,,None,,Ozone / Salt Service Version- PS-3869,,,True,US SEAL PS-3869,,5,deny,,Ozone / Salt Service Version- PS-3869 None,,9.25,,PS-3869,manual
,,,,Part Number,Ozone / Salt Service Version- PS-3866,,USS_PS-3866,,shopify,,,Pumps,,,US SEAL,,"pumps,residential,part,pool,no-image,pump seal",,,,,,,,True,,None,,Ozone / Salt Service Version- PS-3866,,,True,US SEAL PS-3866,852661157179,5,deny,,Ozone / Salt Service Version- PS-3866 None,,7.38,,PS-3866,manual
,,,,Part Number,Ozone / Salt Service Version- PS-3867,,USS_PS-3867,,shopify,,,Pumps,,,US SEAL,,"pumps,residential,part,pool,no-image,pump seal",,,,,,,,True,,None,,Ozone / Salt Service Version- PS-3867,,,True,US SEAL PS-3867,852661157186,5,deny,,Ozone / Salt Service Version- PS-3867 None,,7.38,,PS-3867,manual
,,,,Part Number,Ozone / Salt Service Version- PS-3864,,USS_PS-3864,,shopify,,,Pumps,,,US SEAL,,"pumps,residential,part,pool,no-image,pump seal",,,,,,,,True,,None,,Ozone / Salt Service Version- PS-3864,,,True,US SEAL PS-3864,,5,deny,,Ozone / Salt Service Version- PS-3864 None,,14.65,,PS-3864,manual
,,,,Part Number,- PSK-PF2,,USS_PSK-PF2,,shopify,,,Maintenance,,,US SEAL,,"pool,maintenance,residential,part,no-image",,,,,,,,True,,None,,- PSK-PF2,,,True,US SEAL PSK-PF2,852661157803,5,deny,,- PSK-PF2 None,,46.75,,PSK-PF2,manual
,,,,Part Number,- PSK-PF3,,USS_PSK-PF3,,shopify,,,Maintenance,,,US SEAL,,"pool,maintenance,residential,part,no-image",,,,,,,,True,,None,,- PSK-PF3,,,True,US SEAL PSK-PF3,852661157834,5,deny,,- PSK-PF3 None,,46.0,,PSK-PF3,manual
,,,,Part Number,"Pentair / Pac Fab Challenger, Includes Salt / Ozone Service Seal PS-3867- PSK-PF1",,USS_PSK-PF1,,shopify,,,Maintenance,,,US SEAL,,"pool,maintenance,residential,part,no-image",,,,,,,,True,,None,,"Pentair / Pac Fab Challenger, Includes Salt / Ozone Service Seal PS-3867- PSK-PF1",,,True,US SEAL PSK-PF1,852661157742,5,deny,,"Pentair / Pac Fab Challenger, Includes Salt / Ozone Service Seal PS-3867- PSK-PF1 None",,21.25,,PSK-PF1,manual
,,,,Part Number,Value Guard Version- VG-446,,USS_VG-446,,shopify,,,Pumps,,,US SEAL,,"part,no-image",,,,,,,,True,,,,Value Guard Version- VG-446,,,True,US SEAL VG-446,None,5,deny,,Value Guard Version- VG-446 None,,26.42,,VG-446,manual
,,,,Part Number,64-77 MFD.- BC-64,,USS_BC-64,,shopify,,,Pumps,,,US SEAL,,"pumps,residential,part,pool,no-image,capacitor",,,,,,,,True,,None,,64-77 MFD.- BC-64,,,True,US SEAL BC-64,,5,deny,,64-77 MFD.- BC-64 None,,6.03,,BC-64,manual
,,,,Part Number,Value Guard Version- VG-200,,USS_VG-200,,shopify,,,Pumps,,,US SEAL,,"part,no-image",,,,,,,,True,,,,Value Guard Version- VG-200,,,True,US SEAL VG-200,None,5,deny,,Value Guard Version- VG-200 None,,3.7,,VG-200,manual
,,,,Part Number,Value Guard Version- VG-201,,USS_VG-201,,shopify,,,Pumps,,,US SEAL,,"part,no-image",,,,,,,,True,,,,Value Guard Version- VG-201,,,True,US SEAL VG-201,None,5,deny,,Value Guard Version- VG-201 None,,4.22,,VG-201,manual
,,,,Part Number,Value Guard Version- VG-416A,,USS_VG-416A,,shopify,,,Pumps,,,US SEAL,,"part,no-image",,,,,,,,True,,,,Value Guard Version- VG-416A,,,True,US SEAL VG-416A,None,5,deny,,Value Guard Version- VG-416A None,,41.42,,VG-416A,manual
,,,,Part Number,"3/8"" General Service Seal Assembly- PS-671",,USS_PS-671,,shopify,,,Pumps,,,US SEAL,,"part,no-image,pump seal",,,,,,,,True,,,,"3/8"" General Service Seal Assembly- PS-671",,,True,US SEAL PS-671,None,5,deny,,"3/8"" General Service Seal Assembly- PS-671 None",,10.68,,PS-671,manual
,,,,Part Number,20 MM Seal Assembly for Speck Pump- VGM-2920,,USS_VGM-2920,,shopify,,,Pumps,,,US SEAL,,"pumps,residential,part,pool,no-image,pump seal",,,,,,,,True,,None,,20 MM Seal Assembly for Speck Pump- VGM-2920,,,True,US SEAL VGM-2920,,5,deny,,20 MM Seal Assembly for Speck Pump- VGM-2920 None,,10.45,,VGM-2920,manual
,,,,Part Number,"5/8""General Service Seal Assembly- PS-501",,USS_PS-501,,shopify,,,Pumps,,,US SEAL,,"pumps,residential,part,pool,no-image,pump seal",,,,,,,,True,,None,,"5/8""General Service Seal Assembly- PS-501",,,True,US SEAL PS-501,,5,deny,,"5/8""General Service Seal Assembly- PS-501 None",,4.68,,PS-501,manual
,,,,Part Number,Ozone / Salt Service Version- PS-7497V,,USS_PS-7497V,,shopify,,,Pumps,,,US SEAL,,"part,no-image,pump seal",,,,,,,,True,,,,Ozone / Salt Service Version- PS-7497V,,,True,US SEAL PS-7497V,None,5,deny,,Ozone / Salt Service Version- PS-7497V None,,111.32,,PS-7497V,manual
,,,,Part Number,- PS100,,USS_PS100,,shopify,,,Pumps,,,US SEAL,,"pumps,residential,part,pool,no-image,pump seal",,,,,,,,True,,None,,- PS100,,,True,US SEAL PS100,852661157025,5,deny,,- PS100 None,,6.7,,PS100,manual
,,,,Part Number,270-324 MFD.- BC-270,,USS_BC-270,,shopify,,,Pumps,,,US SEAL,,"pumps,residential,part,pool,no-image,capacitor",,,,,,,,True,,None,,270-324 MFD.- BC-270,,,True,US SEAL BC-270,,5,deny,,270-324 MFD.- BC-270 None,,5.65,,BC-270,manual
,,,,Part Number,"5/8"" Buna / Carbon Seal Assembly- PS-3890",,USS_PS-3890,,shopify,,,Pumps,,,US SEAL,,"pumps,residential,part,pool,no-image,pump seal",,,,,,,,True,,None,,"5/8"" Buna / Carbon Seal Assembly- PS-3890",,,True,US SEAL PS-3890,852661157230,5,deny,,"5/8"" Buna / Carbon Seal Assembly- PS-3890 None",,9.32,,PS-3890,manual
,,,,Part Number,400-480 MFD.- BC-400,,USS_BC-400,,shopify,,,Pumps,,,US SEAL,,"pumps,residential,part,pool,no-image,capacitor",,,,,,,,True,,None,,400-480 MFD.- BC-400,,,True,US SEAL BC-400,,5,deny,,400-480 MFD.- BC-400 None,,7.07,,BC-400,manual
,,,,Part Number,4 oz Bottle- LUBE-4OZ,,USS_LUBE-4OZ,,shopify,,,Maintenance,,,US SEAL,,"pool,maintenance,residential,part,no-image",,,,,,,,True,,None,,4 oz Bottle- LUBE-4OZ,,,True,US SEAL LUBE-4OZ,,5,deny,,4 oz Bottle- LUBE-4OZ None,,8.2,,LUBE-4OZ,manual
,,,,Part Number,"5/8"" General Service Seal Assembly- PS-1000",,USS_PS-1000,,shopify,,,Pumps,,,US SEAL,,"part,no-image,pump seal",,,,,,,,True,,,,"5/8"" General Service Seal Assembly- PS-1000",,,True,US SEAL PS-1000,None,5,deny,,"5/8"" General Service Seal Assembly- PS-1000 None",,4.07,,PS-1000,manual
,,,,Part Number,72-88 MFD.- BC-75,,USS_BC-75,,shopify,,,Pumps,,,US SEAL,,"pumps,residential,part,pool,no-image,capacitor",,,,,,,,True,,None,,72-88 MFD.- BC-75,,,True,US SEAL BC-75,,5,deny,,72-88 MFD.- BC-75 None,,4.82,,BC-75,manual
,,,,Part Number,1cc Pillow Paks - Bag of 50- LUBE-PP50,,USS_LUBE-PP50,,shopify,,,Pumps,,,US SEAL,,"part,no-image",,,,,,,,True,,,,1cc Pillow Paks - Bag of 50- LUBE-PP50,,,True,US SEAL LUBE-PP50,None,5,deny,,1cc Pillow Paks - Bag of 50- LUBE-PP50 None,,37.08,,LUBE-PP50,manual
,,,,Part Number,"5/8"" Seal Assembly for Waterway Plastics 811-1030A/B- PS-2731",,USS_PS-2731,,shopify,,,Pumps,,,US SEAL,,"part,no-image,pump seal",,,,,,,,True,,,,"5/8"" Seal Assembly for Waterway Plastics 811-1030A/B- PS-2731",,,True,US SEAL PS-2731,None,5,deny,,"5/8"" Seal Assembly for Waterway Plastics 811-1030A/B- PS-2731 None",,4.68,,PS-2731,manual
,,,,Part Number,"5/8"" EPR / Silicon Carbide Seal Assembly- PS-4577",,USS_PS-4577,,shopify,,,Pumps,,,US SEAL,,"part,no-image,pump seal",,,,,,,,True,,,,"5/8"" EPR / Silicon Carbide Seal Assembly- PS-4577",,,True,US SEAL PS-4577,None,5,deny,,"5/8"" EPR / Silicon Carbide Seal Assembly- PS-4577 None",,9.1,,PS-4577,manual
,,,,Part Number,Buna / Carbon Version- PS-4265,,USS_PS-4265,,shopify,,,Pumps,,,US SEAL,,"pumps,residential,part,pool,no-image,pump seal",,,,,,,,True,,None,,Buna / Carbon Version- PS-4265,,,True,US SEAL PS-4265,,5,deny,,Buna / Carbon Version- PS-4265 None,,5.88,,PS-4265,manual
,,,,Part Number,EPR / Carbon of PS-200- PS-200-EPR,,USS_PS-200-EPR,,shopify,,,Pumps,,,US SEAL,,"part,no-image,pump seal",,,,,,,,True,,,,EPR / Carbon of PS-200- PS-200-EPR,,,True,US SEAL PS-200-EPR,None,5,deny,,EPR / Carbon of PS-200- PS-200-EPR None,,5.05,,PS-200-EPR,manual
,,,,Part Number,Buna / Carbon Version- PS-4266,,USS_PS-4266,,shopify,,,Pumps,,,US SEAL,,"part,no-image,pump seal",,,,,,,,True,,,,Buna / Carbon Version- PS-4266,,,True,US SEAL PS-4266,None,5,deny,,Buna / Carbon Version- PS-4266 None,,16.0,,PS-4266,manual
,,,,Part Number,"1/2"" General Service Seal Assembly- PS-163",,USS_PS-163,,shopify,,,Pumps,,,US SEAL,,"part,no-image,pump seal",,,,,,,,True,,,,"1/2"" General Service Seal Assembly- PS-163",,,True,US SEAL PS-163,None,5,deny,,"1/2"" General Service Seal Assembly- PS-163 None",,6.1,,PS-163,manual
,,,,Part Number,"3/4"" General Service Seal Assembly- PS-601",,USS_PS-601,,shopify,,,Pumps,,,US SEAL,,"pumps,residential,part,pool,no-image,pump seal",,,,,,,,True,,None,,"3/4"" General Service Seal Assembly- PS-601",,,True,US SEAL PS-601,852661157384,5,deny,,"3/4"" General Service Seal Assembly- PS-601 None",,8.73,,PS-601,manual
,,,,Part Number,16MM- RBL-6202-16-LL,,USS_RBL-6202-16-LL,,shopify,,,Pumps,,,US SEAL,,"part,no-image",,,,,,,,True,,,,16MM- RBL-6202-16-LL,,,True,US SEAL RBL-6202-16-LL,None,5,deny,,16MM- RBL-6202-16-LL None,,6.03,,RBL-6202-16-LL,manual
,,,,Part Number,161-193 MFD.- BC-161,,USS_BC-161,,shopify,,,Pumps,,,US SEAL,,"pumps,residential,part,pool,no-image,capacitor",,,,,,,,True,,None,,161-193 MFD.- BC-161,,,True,US SEAL BC-161,,5,deny,,161-193 MFD.- BC-161 None,,4.82,,BC-161,manual
,,,,Part Number,Silicon Carbide Version- PS-448V-SC-SC,,USS_PS-448V-SC-SC,,shopify,,,Pumps,,,US SEAL,,"part,no-image,pump seal",,,,,,,,True,,,,Silicon Carbide Version- PS-448V-SC-SC,,,True,US SEAL PS-448V-SC-SC,None,5,deny,,Silicon Carbide Version- PS-448V-SC-SC None,,130.75,,PS-448V-SC-SC,manual
,,,,Part Number,"1-1/4"" Buna / Carbon Seal Assembly- PS-361",,USS_PS-361,,shopify,,,Pumps,,,US SEAL,,"pumps,residential,part,pool,no-image,pump seal",,,,,,,,True,,None,,"1-1/4"" Buna / Carbon Seal Assembly- PS-361",,,True,US SEAL PS-361,,5,deny,,"1-1/4"" Buna / Carbon Seal Assembly- PS-361 None",,69.1,,PS-361,manual
,,,,Part Number,"1"" General Service Seal Assembly- PS-360",,USS_PS-360,,shopify,,,Pumps,,,US SEAL,,"pumps,residential,part,pool,no-image,pump seal",,,,,,,,True,,None,,"1"" General Service Seal Assembly- PS-360",,,True,US SEAL PS-360,852661157148,5,deny,,"1"" General Service Seal Assembly- PS-360 None",,14.05,,PS-360,manual
,,,,Part Number,243-292 MFD.- BC-243,,USS_BC-243,,shopify,,,Pumps,,,US SEAL,,"pumps,residential,part,pool,no-image,capacitor",,,,,,,,True,,None,,243-292 MFD.- BC-243,,,True,US SEAL BC-243,,5,deny,,243-292 MFD.- BC-243 None,,6.85,,BC-243,manual
,,,,Part Number,Viton Version of PS-200- PS-200V-CMS,,USS_PS-200V-CMS,,shopify,,,Pumps,,,US SEAL,,"part,no-image,pump seal",,,,,,,,True,,,,Viton Version of PS-200- PS-200V-CMS,,,True,US SEAL PS-200V-CMS,None,5,deny,,Viton Version of PS-200- PS-200V-CMS None,,7.82,,PS-200V-CMS,manual
,,,,Part Number,"5/8"" General Service Seal Assembly- PS-200",,USS_PS-200,,shopify,,,Pumps,,,US SEAL,,"part,no-image,pump seal",,,,,,,,True,,,,"5/8"" General Service Seal Assembly- PS-200",,,True,US SEAL PS-200,None,5,deny,,"5/8"" General Service Seal Assembly- PS-200 None",,4.07,,PS-200,manual
,,,,Part Number,"3/4""General Service Seal Assembly- PS-201",,USS_PS-201,,shopify,,,Pumps,,,US SEAL,,"part,no-image,pump seal",,,,,,,,True,,,,"3/4""General Service Seal Assembly- PS-201",,,True,US SEAL PS-201,None,5,deny,,"3/4""General Service Seal Assembly- PS-201 None",,4.68,,PS-201,manual
,,,,Part Number,Buna / Carbon Version ( A Head)- PS-516,,USS_PS-516,,shopify,,,Pumps,,,US SEAL,,"pumps,residential,part,pool,no-image,pump seal",,,,,,,,True,,None,,Buna / Carbon Version ( A Head)- PS-516,,,True,US SEAL PS-516,,5,deny,,Buna / Carbon Version ( A Head)- PS-516 None,,4.6,,PS-516,manual
,,,,Part Number,"5/8"" General Service Seal Assembly- PS-100",,USS_PS-100,,shopify,,,Pumps,,,US SEAL,,"part,no-image,pump seal",,,,,,,,True,,,,"5/8"" General Service Seal Assembly- PS-100",,,True,US SEAL PS-100,None,5,deny,,"5/8"" General Service Seal Assembly- PS-100 None",,4.07,,PS-100,manual
,,,,Part Number,"3/4"" Buna / Carbon Seal Assembly- PS-4274",,USS_PS-4274,,shopify,,,Pumps,,,US SEAL,,"part,no-image,pump seal",,,,,,,,True,,,,"3/4"" Buna / Carbon Seal Assembly- PS-4274",,,True,US SEAL PS-4274,None,5,deny,,"3/4"" Buna / Carbon Seal Assembly- PS-4274 None",,7.45,,PS-4274,manual
,,,,Part Number,Buna / Carbon Version- PS-4275,,USS_PS-4275,,shopify,,,Pumps,,,US SEAL,,"part,no-image,pump seal",,,,,,,,True,,,,Buna / Carbon Version- PS-4275,,,True,US SEAL PS-4275,None,5,deny,,Buna / Carbon Version- PS-4275 None,,5.95,,PS-4275,manual
,,,,Part Number,"5/8"" Seal Assembly for Balboa Water Group 6001535/6001601- PS-2722",,USS_PS-2722,,shopify,,,Pumps,,,US SEAL,,"part,no-image,pump seal",,,,,,,,True,,,,"5/8"" Seal Assembly for Balboa Water Group 6001535/6001601- PS-2722",,,True,US SEAL PS-2722,None,5,deny,,"5/8"" Seal Assembly for Balboa Water Group 6001535/6001601- PS-2722 None",,4.9,,PS-2722,manual
,,,,Part Number,Ozone / Salt Version- PS-142V,,USS_PS-142V,,shopify,,,Pumps,,,US SEAL,,"part,no-image,pump seal",,,,,,,,True,,,,Ozone / Salt Version- PS-142V,,,True,US SEAL PS-142V,None,5,deny,,Ozone / Salt Version- PS-142V None,,8.27,,PS-142V,manual
,,,,Part Number,Ozone / Salt Service Version- PS-3865R,,USS_PS-3865R,,shopify,,,Pumps,,,US SEAL,,"pumps,residential,part,pool,no-image,pump seal",,,,,,,,True,,None,,Ozone / Salt Service Version- PS-3865R,,,True,US SEAL PS-3865R,852661157162,5,deny,,Ozone / Salt Service Version- PS-3865R None,,7.38,,PS-3865R,manual
,,,,Part Number,"5/8"" Buna / Carbon Seal Assembly- PS-957",,USS_PS-957,,shopify,,,Pumps,,,US SEAL,,"pumps,residential,part,pool,no-image,pump seal",,,,,,,,True,,None,,"5/8"" Buna / Carbon Seal Assembly- PS-957",,,True,US SEAL PS-957,,5,deny,,"5/8"" Buna / Carbon Seal Assembly- PS-957 None",,8.57,,PS-957,manual
,,,,Part Number,Value Guard Version- VG-100,,USS_VG-100,,shopify,,,Pumps,,,US SEAL,,"part,no-image",,,,,,,,True,,,,Value Guard Version- VG-100,,,True,US SEAL VG-100,None,5,deny,,Value Guard Version- VG-100 None,,3.7,,VG-100,manual
,,,,Part Number,Buna / Carbon Version- PS-952,,USS_PS-952,,shopify,,,Pumps,,,US SEAL,,"part,no-image,pump seal",,,,,,,,True,,,,Buna / Carbon Version- PS-952,,,True,US SEAL PS-952,None,5,deny,,Buna / Carbon Version- PS-952 None,,5.88,,PS-952,manual
,,,,Part Number,"3/4"" Buna / Carbon Seal Assembly- PS-358",,USS_PS-358,,shopify,,,Pumps,,,US SEAL,,"pumps,residential,part,pool,no-image,pump seal",,,,,,,,True,,None,,"3/4"" Buna / Carbon Seal Assembly- PS-358",,,True,US SEAL PS-358,,5,deny,,"3/4"" Buna / Carbon Seal Assembly- PS-358 None",,15.63,,PS-358,manual
,,,,Part Number,Silicon Carbide Version- PS-1909,,USS_PS-1909,,shopify,,,Pumps,,,US SEAL,,"pumps,residential,part,pool,no-image,pump seal",,,,,,,,True,,None,,Silicon Carbide Version- PS-1909,,,True,US SEAL PS-1909,,5,deny,,Silicon Carbide Version- PS-1909 None,,25.83,,PS-1909,manual
,,,,Part Number,Silicon Carbide Version- PS-1908,,USS_PS-1908,,shopify,,,Pumps,,,US SEAL,,"pumps,residential,part,pool,no-image,pump seal",,,,,,,,True,,None,,Silicon Carbide Version- PS-1908,,,True,US SEAL PS-1908,,5,deny,,Silicon Carbide Version- PS-1908 None,,40.45,,PS-1908,manual
,,,,Part Number,"3/4"" Buna / Carbon Seal Assembly- PS-750",,USS_PS-750,,shopify,,,Pumps,,,US SEAL,,"pumps,residential,part,pool,no-image,pump seal",,,,,,,,True,,None,,"3/4"" Buna / Carbon Seal Assembly- PS-750",,,True,US SEAL PS-750,,5,deny,,"3/4"" Buna / Carbon Seal Assembly- PS-750 None",,32.13,,PS-750,manual
,,,,Part Number,Silicon Carbide Version- PS-1903,,USS_PS-1903,,shopify,,,Pumps,,,US SEAL,,"part,no-image,pump seal",,,,,,,,True,,,,Silicon Carbide Version- PS-1903,,,True,US SEAL PS-1903,None,5,deny,,Silicon Carbide Version- PS-1903 None,,34.75,,PS-1903,manual
,,,,Part Number,Silicon Carbide Version- PS-1902,,USS_PS-1902,,shopify,,,Pumps,,,US SEAL,,"pumps,residential,part,pool,no-image,pump seal",,,,,,,,True,,None,,Silicon Carbide Version- PS-1902,,,True,US SEAL PS-1902,,5,deny,,Silicon Carbide Version- PS-1902 None,,31.08,,PS-1902,manual
,,,,Part Number,Silicon Carbide Version- PS-1901,,USS_PS-1901,,shopify,,,Pumps,,,US SEAL,,"pumps,residential,part,pool,no-image,pump seal",,,,,,,,True,,None,,Silicon Carbide Version- PS-1901,,,True,US SEAL PS-1901,,5,deny,,Silicon Carbide Version- PS-1901 None,,25.6,,PS-1901,manual
,,,,Part Number,Silicon Carbide Version- PS-1900,,USS_PS-1900,,shopify,,,Pumps,,,US SEAL,,"pumps,residential,part,pool,no-image,pump seal",,,,,,,,True,,None,,Silicon Carbide Version- PS-1900,,,True,US SEAL PS-1900,,5,deny,,Silicon Carbide Version- PS-1900 None,,27.17,,PS-1900,manual
,,,,Part Number,Silicon Carbide Version for Northstar- PS-1907,,USS_PS-1907,,shopify,,,Pumps,,,US SEAL,,"pumps,residential,part,pool,no-image,pump seal",,,,,,,,True,,None,,Silicon Carbide Version for Northstar- PS-1907,,,True,US SEAL PS-1907,,5,deny,,Silicon Carbide Version for Northstar- PS-1907 None,,18.4,,PS-1907,manual
,,,,Part Number,"3/4"" Buna / Carbon Seal Assembly- PS-2136",,USS_PS-2136,,shopify,,,Pumps,,,US SEAL,,"pumps,residential,part,pool,no-image,pump seal",,,,,,,,True,,None,,"3/4"" Buna / Carbon Seal Assembly- PS-2136",,,True,US SEAL PS-2136,,5,deny,,"3/4"" Buna / Carbon Seal Assembly- PS-2136 None",,7.52,,PS-2136,manual
,,,,Part Number,Silicon Carbide Version- PS-1905,,USS_PS-1905,,shopify,,,Pumps,,,US SEAL,,"pumps,residential,part,pool,no-image,pump seal",,,,,,,,True,,None,,Silicon Carbide Version- PS-1905,,,True,US SEAL PS-1905,,5,deny,,Silicon Carbide Version- PS-1905 None,,40.15,,PS-1905,manual
,,,,Part Number,Silicon Carbide Version- PS-1904,,USS_PS-1904,,shopify,,,Pumps,,,US SEAL,,"pumps,residential,part,pool,no-image,pump seal",,,,,,,,True,,None,,Silicon Carbide Version- PS-1904,,,True,US SEAL PS-1904,,5,deny,,Silicon Carbide Version- PS-1904 None,,24.7,,PS-1904,manual
,,,,Part Number,Value Guard Version- VG-1000,,USS_VG-1000,,shopify,,,Pumps,,,US SEAL,,"part,no-image",,,,,,,,True,,,,Value Guard Version- VG-1000,,,True,US SEAL VG-1000,None,5,deny,,Value Guard Version- VG-1000 None,,3.7,,VG-1000,manual
,,,,Part Number,Silicon Carbide Version- PS-1910,,USS_PS-1910,,shopify,,,Pumps,,,US SEAL,,"part,no-image,pump seal",,,,,,,,True,,,,Silicon Carbide Version- PS-1910,,,True,US SEAL PS-1910,None,5,deny,,Silicon Carbide Version- PS-1910 None,,57.55,,PS-1910,manual
,,,,Part Number,- PS1000,,USS_PS1000,,shopify,,,Pumps,,,US SEAL,,"pumps,residential,part,pool,no-image,pump seal",,,,,,,,True,,None,,- PS1000,,,True,US SEAL PS1000,852661157032,5,deny,,- PS1000 None,,6.7,,PS1000,manual
,,,,Part Number,Ozone / Salt Service Version- PS-446V-CMS,,USS_PS-446V-CMS,,shopify,,,Pumps,,,US SEAL,,"part,no-image,pump seal",,,,,,,,True,,,,Ozone / Salt Service Version- PS-446V-CMS,,,True,US SEAL PS-446V-CMS,None,5,deny,,Ozone / Salt Service Version- PS-446V-CMS None,,53.57,,PS-446V-CMS,manual
,,,,Part Number,Value Guard Version of the PS-516- VG-516,,USS_VG-516,,shopify,,,Pumps,,,US SEAL,,"part,no-image",,,,,,,,True,,,,Value Guard Version of the PS-516- VG-516,,,True,US SEAL VG-516,None,5,deny,,Value Guard Version of the PS-516- VG-516 None,,3.78,,VG-516,manual
,,,,Part Number,Ozone / Salt Service Version- PS-4280,,USS_PS-4280,,shopify,,,Pumps,,,US SEAL,,"pumps,residential,part,pool,no-image,pump seal",,,,,,,,True,,None,,Ozone / Salt Service Version- PS-4280,,,True,US SEAL PS-4280,852661157346,5,deny,,Ozone / Salt Service Version- PS-4280 None,,11.95,,PS-4280,manual
,,,,Part Number,"1-1/4"" Buna / Carbon Seal Assembly- PS-416A",,USS_PS-416A,,shopify,,,Pumps,,,US SEAL,,"pumps,residential,part,pool,no-image,pump seal",,,,,,,,True,,None,,"1-1/4"" Buna / Carbon Seal Assembly- PS-416A",,,True,US SEAL PS-416A,,5,deny,,"1-1/4"" Buna / Carbon Seal Assembly- PS-416A None",,50.72,,PS-416A,manual
,,,,Part Number,1cc Pillow Paks - Bag of 100- LUBE-PP100,,USS_LUBE-PP100,,shopify,,,Pumps,,,US SEAL,,"part,no-image",,,,,,,,True,,,,1cc Pillow Paks - Bag of 100- LUBE-PP100,,,True,US SEAL LUBE-PP100,None,5,deny,,1cc Pillow Paks - Bag of 100- LUBE-PP100 None,,73.07,,LUBE-PP100,manual
,,,,Part Number,Buna / Carbon Version- PS-3985,,USS_PS-3985,,shopify,,,Pumps,,,US SEAL,,"part,no-image,pump seal",,,,,,,,True,,,,Buna / Carbon Version- PS-3985,,,True,US SEAL PS-3985,None,5,deny,,Buna / Carbon Version- PS-3985 None,,10.07,,PS-3985,manual
,,,,Part Number,Ozone / Salt Service Version- PS-3986,,USS_PS-3986,,shopify,,,Pumps,,,US SEAL,,"pumps,residential,part,pool,no-image,pump seal",,,,,,,,True,,None,,Ozone / Salt Service Version- PS-3986,,,True,US SEAL PS-3986,852661157261,5,deny,,Ozone / Salt Service Version- PS-3986 None,,13.3,,PS-3986,manual
,,,,Part Number,1cc Pillow Paks - Bag of 10- LUBE-PP,,USS_LUBE-PP,,shopify,,,Maintenance,,,US SEAL,,"pool,maintenance,residential,part,no-image",,,,,,,,True,,None,,1cc Pillow Paks - Bag of 10- LUBE-PP,,,True,US SEAL LUBE-PP,,5,deny,,1cc Pillow Paks - Bag of 10- LUBE-PP None,,10.52,,LUBE-PP,manual
,,,,Part Number,35 MFD.- RD-35-370,,USS_RD-35-370,,shopify,,,Pumps,,,US SEAL,,"part,no-image,capacitor",,,,,,,,True,,,,35 MFD.- RD-35-370,,,True,US SEAL RD-35-370,None,5,deny,,35 MFD.- RD-35-370 None,,14.5,,RD-35-370,manual
,,,,Part Number,"5/8"" General Service Seal Assembly- PS-411",,USS_PS-411,,shopify,,,Pumps,,,US SEAL,,"part,no-image,pump seal",,,,,,,,True,,,,"5/8"" General Service Seal Assembly- PS-411",,,True,US SEAL PS-411,None,5,deny,,"5/8"" General Service Seal Assembly- PS-411 None",,114.48,,PS-411,manual
,,,,Part Number,20 MFD.- RD-20-370,,USS_RD-20-370,,shopify,,,Pumps,,,US SEAL,,"pumps,residential,part,pool,no-image,capacitor",,,,,,,,True,,None,,20 MFD.- RD-20-370,,,True,US SEAL RD-20-370,,5,deny,,20 MFD.- RD-20-370 None,,9.63,,RD-20-370,manual
,,,,Part Number,Value Guard Version- VG-2131,,USS_VG-2131,,shopify,,,Pumps,,,US SEAL,,"pumps,residential,part,pool,no-image",,,,,,,,True,,None,,Value Guard Version- VG-2131,,,True,US SEAL VG-2131,,5,deny,,Value Guard Version- VG-2131 None,,4.22,,VG-2131,manual
,,,,Part Number,Silicon Carbide Version- PS-1911,,USS_PS-1911,,shopify,,,Pumps,,,US SEAL,,"part,no-image,pump seal",,,,,,,,True,,,,Silicon Carbide Version- PS-1911,,,True,US SEAL PS-1911,None,5,deny,,Silicon Carbide Version- PS-1911 None,,94.3,,PS-1911,manual
,,,,Part Number,- PSK-HA2,,USS_PSK-HA2,,shopify,,,Maintenance,,,US SEAL,,"pool,maintenance,residential,part,no-image",,,,,,,,True,,None,,- PSK-HA2,,,True,US SEAL PSK-HA2,852661157735,5,deny,,- PSK-HA2 None,,44.8,,PSK-HA2,manual
,,,,Part Number,- PSK-HA1,,USS_PSK-HA1,,shopify,,,Maintenance,,,US SEAL,,"pool,maintenance,residential,part,no-image",,,,,,,,True,,None,,- PSK-HA1,,,True,US SEAL PSK-HA1,852661157797,5,deny,,- PSK-HA1 None,,47.8,,PSK-HA1,manual
,,,,Part Number,- PSK-ST3,,USS_PSK-ST3,,shopify,,,Maintenance,,,US SEAL,,"pool,maintenance,residential,part,no-image",,,,,,,,True,,None,,- PSK-ST3,,,True,US SEAL PSK-ST3,852661157780,5,deny,,- PSK-ST3 None,,46.45,,PSK-ST3,manual
,,,,Part Number,- PSK-ST2,,USS_PSK-ST2,,shopify,,,Maintenance,,,US SEAL,,"pool,maintenance,residential,part,no-image",,,,,,,,True,,None,,- PSK-ST2,,,True,US SEAL PSK-ST2,852661157810,5,deny,,- PSK-ST2 None,,50.2,,PSK-ST2,manual
,,,,Part Number,- PSK-ST1,,USS_PSK-ST1,,shopify,,,Maintenance,,,US SEAL,,"pool,maintenance,residential,part,no-image",,,,,,,,True,,None,,- PSK-ST1,,,True,US SEAL PSK-ST1,852661157759,5,deny,,- PSK-ST1 None,,49.3,,PSK-ST1,manual
,,,,Part Number,30 MFD.- 5VR0303,,USS_5VR0303,,shopify,,,Pumps,,,US SEAL,,"part,no-image,capacitor",,,,,,,,True,,,,30 MFD.- 5VR0303,,,True,US SEAL 5VR0303,None,5,deny,,30 MFD.- 5VR0303 None,,11.35,,5VR0303,manual
,,,,Part Number,Value Guard Version- VG-501,,USS_VG-501,,shopify,,,Pumps,,,US SEAL,,"pumps,residential,part,pool,no-image",,,,,,,,True,,None,,Value Guard Version- VG-501,,,True,US SEAL VG-501,,5,deny,,Value Guard Version- VG-501 None,,4.22,,VG-501,manual
,,,,Part Number,- PSK-ST4,,USS_PSK-ST4,,shopify,,,Maintenance,,,US SEAL,,"pool,maintenance,residential,part,no-image",,,,,,,,True,,None,,- PSK-ST4,,,True,US SEAL PSK-ST4,852661157827,5,deny,,- PSK-ST4 None,,50.2,,PSK-ST4,manual
,,,,Part Number,Ozone / Salt Service Version- PS-309V-CMS,,USS_PS-309V-CMS,,shopify,,,Pumps,,,US SEAL,,"part,no-image,pump seal",,,,,,,,True,,,,Ozone / Salt Service Version- PS-309V-CMS,,,True,US SEAL PS-309V-CMS,None,5,deny,,Ozone / Salt Service Version- PS-309V-CMS None,,37.22,,PS-309V-CMS,manual
,,,,Part Number,Ozone / Salt Service Version- PS-201V-CMS,,USS_PS-201V-CMS,,shopify,,,Pumps,,,US SEAL,,"pumps,residential,part,pool,no-image,pump seal",,,,,,,,True,,None,,Ozone / Salt Service Version- PS-201V-CMS,,,True,US SEAL PS-201V-CMS,852661157100,5,deny,,Ozone / Salt Service Version- PS-201V-CMS None,,9.4,,PS-201V-CMS,manual
,,,,Part Number,"1-1/4"" Buna / Carbon Seal Assembly- PS-185",,USS_PS-185,,shopify,,,Pumps,,,US SEAL,,"pumps,residential,part,pool,no-image,pump seal",,,,,,,,True,,None,,"1-1/4"" Buna / Carbon Seal Assembly- PS-185",,,True,US SEAL PS-185,,5,deny,,"1-1/4"" Buna / Carbon Seal Assembly- PS-185 None",,28.6,,PS-185,manual
,,,,Part Number,Value Guard Version- VG-185,,USS_VG-185,,shopify,,,Pumps,,,US SEAL,,"part,no-image",,,,,,,,True,,,,Value Guard Version- VG-185,,,True,US SEAL VG-185,None,5,deny,,Value Guard Version- VG-185 None,,14.65,,VG-185,manual
,,,,Part Number,"5/8"" General Service Seal Assembly- PS-3845",,USS_PS-3845,,shopify,,,Pumps,,,US SEAL,,"pumps,residential,part,pool,no-image,pump seal",,,,,,,,True,,None,,"5/8"" General Service Seal Assembly- PS-3845",,,True,US SEAL PS-3845,,5,deny,,"5/8"" General Service Seal Assembly- PS-3845 None",,6.18,,PS-3845,manual
,,,,Part Number,30-36 MFD.- BC-30,,USS_BC-30,,shopify,,,Pumps,,,US SEAL,,"part,no-image,capacitor",,,,,,,,True,,,,30-36 MFD.- BC-30,,,True,US SEAL BC-30,None,5,deny,,30-36 MFD.- BC-30 None,,5.05,,BC-30,manual
,,,,Part Number,- PSK-JC1,,USS_PSK-JC1,,shopify,,,Maintenance,,,US SEAL,,"pool,maintenance,residential,part,no-image",,,,,,,,True,,None,,- PSK-JC1,,,True,US SEAL PSK-JC1,852661157773,5,deny,,- PSK-JC1 None,,48.85,,PSK-JC1,manual
,,,,Part Number,- BC-36M-250-S,,USS_BC-36M-250-S,,shopify,,,Pumps,,,US SEAL,,"pumps,residential,part,pool,no-image,capacitor",,,,,,,,True,,None,,- BC-36M-250-S,,,True,US SEAL BC-36M-250-S,,5,deny,,- BC-36M-250-S None,,9.49,,BC-36M-250-S,manual
,,,,Part Number,25-30 MFD.- BC-25,,USS_BC-25,,shopify,,,Pumps,,,US SEAL,,"part,no-image,capacitor",,,,,,,,True,,,,25-30 MFD.- BC-25,,,True,US SEAL BC-25,None,5,deny,,25-30 MFD.- BC-25 None,,5.05,,BC-25,manual
,,,,Part Number,1cc Pillow Paks - Bag of 25- LUBE-PP25,,USS_LUBE-PP25,,shopify,,,Pumps,,,US SEAL,,"part,no-image",,,,,,,,True,,,,1cc Pillow Paks - Bag of 25- LUBE-PP25,,,True,US SEAL LUBE-PP25,None,5,deny,,1cc Pillow Paks - Bag of 25- LUBE-PP25 None,,22.83,,LUBE-PP25,manual
,,,,Part Number,Buna / Carbon Version- PS-4267,,USS_PS-4267,,shopify,,,Pumps,,,US SEAL,,"pumps,residential,part,pool,no-image,pump seal",,,,,,,,True,,None,,Buna / Carbon Version- PS-4267,,,True,US SEAL PS-4267,,5,deny,,Buna / Carbon Version- PS-4267 None,,4.82,,PS-4267,manual
,,,,Part Number,Value Guard Version- VG-163,,USS_VG-163,,shopify,,,Pumps,,,US SEAL,,"part,no-image",,,,,,,,True,,,,Value Guard Version- VG-163,,,True,US SEAL VG-163,None,5,deny,,Value Guard Version- VG-163 None,,5.57,,VG-163,manual
,,,,Part Number,Buna / Carbon Version (316SS)- PS-2742,,USS_PS-2742,,shopify,,,Pumps,,,US SEAL,,"part,no-image,pump seal",,,,,,,,True,,,,Buna / Carbon Version (316SS)- PS-2742,,,True,US SEAL PS-2742,None,5,deny,,Buna / Carbon Version (316SS)- PS-2742 None,,12.55,,PS-2742,manual
,,,,Part Number,15 MFD.- RD-15-370,,USS_RD-15-370,,shopify,,,Pumps,,,US SEAL,,"pumps,residential,part,pool,no-image,capacitor",,,,,,,,True,,None,,15 MFD.- RD-15-370,,,True,US SEAL RD-15-370,,5,deny,,15 MFD.- RD-15-370 None,,9.32,,RD-15-370,manual
,,,,Part Number,35 MFD.- RD-35-10-370,,USS_RD-35-10-370,,shopify,,,Pumps,,,US SEAL,,"pumps,residential,part,pool,no-image,capacitor",,,,,,,,True,,None,,35 MFD.- RD-35-10-370,,,True,US SEAL RD-35-10-370,,5,deny,,35 MFD.- RD-35-10-370 None,,25.38,,RD-35-10-370,manual
,,,,Part Number,"7/8"" Buna / Carbon Seal Assembly- PS-309",,USS_PS-309,,shopify,,,Pumps,,,US SEAL,,"part,no-image,pump seal",,,,,,,,True,,,,"7/8"" Buna / Carbon Seal Assembly- PS-309",,,True,US SEAL PS-309,None,5,deny,,"7/8"" Buna / Carbon Seal Assembly- PS-309 None",,19.67,,PS-309,manual
,,,,Part Number,20MM- RBL-6204-LL,,USS_RBL-6204-LL,,shopify,,,Pumps,,,US SEAL,,"pumps,residential,part,pool,no-image",,,,,,,,True,,None,,20MM- RBL-6204-LL,,,True,US SEAL RBL-6204-LL,623647340744,5,deny,,20MM- RBL-6204-LL None,,5.65,,RBL-6204-LL,manual
,,,,Part Number,"1-5/8"" Buna / Carbon Seal Assembly- PS-7497",,USS_PS-7497,,shopify,,,Pumps,,,US SEAL,,"part,no-image,pump seal",,,,,,,,True,,,,"1-5/8"" Buna / Carbon Seal Assembly- PS-7497",,,True,US SEAL PS-7497,None,5,deny,,"1-5/8"" Buna / Carbon Seal Assembly- PS-7497 None",,92.2,,PS-7497,manual
,,,,Part Number,324-388 MFD.- BC-324,,USS_BC-324,,shopify,,,Pumps,,,US SEAL,,"pumps,residential,part,pool,no-image,capacitor",,,,,,,,True,,None,,324-388 MFD.- BC-324,,,True,US SEAL BC-324,,5,deny,,324-388 MFD.- BC-324 None,,6.25,,BC-324,manual
,,,,Part Number,"5/8""General Service Seal Assembly- PS-2131",,USS_PS-2131,,shopify,,,Pumps,,,US SEAL,,"pumps,residential,part,pool,no-image,pump seal",,,,,,,,True,,None,,"5/8""General Service Seal Assembly- PS-2131",,,True,US SEAL PS-2131,852661157117,5,deny,,"5/8""General Service Seal Assembly- PS-2131 None",,4.68,,PS-2131,manual
,,,,Part Number,Buna / Carbon Version ( G Head)- PS-3960,,USS_PS-3960,,shopify,,,Pumps,,,US SEAL,,"pumps,residential,part,pool,no-image,pump seal",,,,,,,,True,,None,,Buna / Carbon Version ( G Head)- PS-3960,,,True,US SEAL PS-3960,,5,deny,,Buna / Carbon Version ( G Head)- PS-3960 None,,4.82,,PS-3960,manual
,,,,Part Number,20MM- RBL-6304-LL,,USS_RBL-6304-LL,,shopify,,,Pumps,,,US SEAL,,"pumps,residential,part,pool,no-image",,,,,,,,True,,None,,20MM- RBL-6304-LL,,,True,US SEAL RBL-6304-LL,,5,deny,,20MM- RBL-6304-LL None,,7.07,,RBL-6304-LL,manual
,,,,Part Number,36-43 MFD.- BC-36,,USS_BC-36,,shopify,,,Pumps,,,US SEAL,,"pumps,residential,part,pool,no-image,capacitor",,,,,,,,True,,None,,36-43 MFD.- BC-36,,,True,US SEAL BC-36,,5,deny,,36-43 MFD.- BC-36 None,,5.05,,BC-36,manual
,,,,Part Number,Silicon Carbide Version- PS-1906,,USS_PS-1906,,shopify,,,Pumps,,,US SEAL,,"part,no-image,pump seal",,,,,,,,True,,,,Silicon Carbide Version- PS-1906,,,True,US SEAL PS-1906,None,5,deny,,Silicon Carbide Version- PS-1906 None,,27.33,,PS-1906,manual
,,,,Part Number,17MM- RBL-6203-LL,,USS_RBL-6203-LL,,shopify,,,Pumps,,,US SEAL,,"pumps,residential,part,pool,no-image",,,,,,,,True,,None,,17MM- RBL-6203-LL,,,True,US SEAL RBL-6203-LL,,5,deny,,17MM- RBL-6203-LL None,,4.38,,RBL-6203-LL,manual
,,,,Part Number,"3/4"" Buna / Carbon Seal Assembly- PS-877",,USS_PS-877,,shopify,,,Pumps,,,US SEAL,,"pumps,residential,part,pool,no-image,pump seal",,,,,,,,True,,None,,"3/4"" Buna / Carbon Seal Assembly- PS-877",,,True,US SEAL PS-877,,5,deny,,"3/4"" Buna / Carbon Seal Assembly- PS-877 None",,14.58,,PS-877,manual
,,,,Part Number,88-108 MFD.- BC-86,,USS_BC-86,,shopify,,,Pumps,,,US SEAL,,"pumps,residential,part,pool,no-image,capacitor",,,,,,,,True,,None,,88-108 MFD.- BC-86,,,True,US SEAL BC-86,,5,deny,,88-108 MFD.- BC-86 None,,4.82,,BC-86,manual
,,,,Part Number,145-174 MFD.- BC-145,,USS_BC-145,,shopify,,,Pumps,,,US SEAL,,"pumps,residential,part,pool,no-image,capacitor",,,,,,,,True,,None,,145-174 MFD.- BC-145,,,True,US SEAL BC-145,,5,deny,,145-174 MFD.- BC-145 None,,4.82,,BC-145,manual
,,,,Part Number,124-149 MFD.- BC-124,,USS_BC-124,,shopify,,,Pumps,,,US SEAL,,"pumps,residential,part,pool,no-image,capacitor",,,,,,,,True,,None,,124-149 MFD.- BC-124,,,True,US SEAL BC-124,,5,deny,,124-149 MFD.- BC-124 None,,4.82,,BC-124,manual
,,,,Part Number,Value Guard Version- VG-360,,USS_VG-360,,shopify,,,Pumps,,,US SEAL,,"part,no-image",,,,,,,,True,,,,Value Guard Version- VG-360,,,True,US SEAL VG-360,None,5,deny,,Value Guard Version- VG-360 None,,7.68,,VG-360,manual
,,,,Part Number,- PSK-PU1,,USS_PSK-PU1,,shopify,,,Maintenance,,,US SEAL,,"pool,maintenance,residential,part,no-image",,,,,,,,True,,None,,- PSK-PU1,,,True,US SEAL PSK-PU1,852661157766,5,deny,,- PSK-PU1 None,,39.25,,PSK-PU1,manual
,,,,Part Number,8 oz Bottle- LUBE-8OZ,,USS_LUBE-8OZ,,shopify,,,Maintenance,,,US SEAL,,"pool,maintenance,residential,part,no-image",,,,,,,,True,,None,,8 oz Bottle- LUBE-8OZ,,,True,US SEAL LUBE-8OZ,,5,deny,,8 oz Bottle- LUBE-8OZ None,,11.95,,LUBE-8OZ,manual
,,,,Part Number,15MM- RBL-6202-LL,,USS_RBL-6202-LL,,shopify,,,Pumps,,,US SEAL,,"part,no-image",,,,,,,,True,,,,15MM- RBL-6202-LL,,,True,US SEAL RBL-6202-LL,None,5,deny,,15MM- RBL-6202-LL None,,4.53,,RBL-6202-LL,manual
,,,,Part Number,Value Guard Version- VG-309,,USS_VG-309,,shopify,,,Pumps,,,US SEAL,,"part,no-image",,,,,,,,True,,,,Value Guard Version- VG-309,,,True,US SEAL VG-309,None,5,deny,,Value Guard Version- VG-309 None,,8.88,,VG-309,manual
,,,,Part Number,189-227 MFD.- BC-189,,USS_BC-189,,shopify,,,Pumps,,,US SEAL,,"pumps,residential,part,pool,no-image,capacitor",,,,,,,,True,,None,,189-227 MFD.- BC-189,,,True,US SEAL BC-189,,5,deny,,189-227 MFD.- BC-189 None,,5.05,,BC-189,manual
,,,,Part Number,Value Guard Version- VG-142,,USS_VG-142,,shopify,,,Pumps,,,US SEAL,,"part,no-image",,,,,,,,True,,,,Value Guard Version- VG-142,,,True,US SEAL VG-142,None,5,deny,,Value Guard Version- VG-142 None,,5.95,,VG-142,manual
,,,,Part Number,"5/8"" & 3/4"" Ozone / Salt Service Seal Assembly- PS-4231",,USS_PS-4231,,shopify,,,Pumps,,,US SEAL,,"pumps,residential,part,pool,no-image,pump seal",,,,,,,,True,,None,,"5/8"" & 3/4"" Ozone / Salt Service Seal Assembly- PS-4231",,,True,US SEAL PS-4231,,5,deny,,"5/8"" & 3/4"" Ozone / Salt Service Seal Assembly- PS-4231 None",,11.43,,PS-4231,manual
,,,,Part Number,Buna / Carbon Version- PS-961,,USS_PS-961,,shopify,,,Pumps,,,US SEAL,,"pumps,residential,part,pool,no-image,pump seal",,,,,,,,True,,None,,Buna / Carbon Version- PS-961,,,True,US SEAL PS-961,,5,deny,,Buna / Carbon Version- PS-961 None,,4.82,,PS-961,manual
,,,,Part Number,Ozone / Salt Service Version- PS-3870,,USS_PS-3870,,shopify,,,Pumps,,,US SEAL,,"part,no-image,pump seal",,,,,,,,True,,,,Ozone / Salt Service Version- PS-3870,,,True,US SEAL PS-3870,None,5,deny,,Ozone / Salt Service Version- PS-3870 None,,10.52,,PS-3870,manual
,,,,Part Number,- PS200,,USS_PS200,,shopify,,,Pumps,,,US SEAL,,"pumps,residential,part,pool,no-image,pump seal",,,,,,,,True,,None,,- PS200,,,True,US SEAL PS200,852661157087,5,deny,,- PS200 None,,6.7,,PS200,manual
,,,,Part Number,- PS201,,USS_PS201,,shopify,,,Pumps,,,US SEAL,,"pumps,residential,part,pool,no-image,pump seal",,,,,,,,True,,None,,- PS201,,,True,US SEAL PS201,852661157094,5,deny,,- PS201 None,,7.9,,PS201,manual
,,,,Part Number,50 MFD.- RD-50-370,,USS_RD-50-370,,shopify,,,Pumps,,,US SEAL,,"part,no-image,capacitor",,,,,,,,True,,,,50 MFD.- RD-50-370,,,True,US SEAL RD-50-370,None,5,deny,,50 MFD.- RD-50-370 None,,18.7,,RD-50-370,manual
,,,,Part Number,"1-3/4"" Buna / Carbon Seal Assembly- PS-446",,USS_PS-446,,shopify,,,Pumps,,,US SEAL,,"part,no-image,pump seal",,,,,,,,True,,,,"1-3/4"" Buna / Carbon Seal Assembly- PS-446",,,True,US SEAL PS-446,None,5,deny,,"1-3/4"" Buna / Carbon Seal Assembly- PS-446 None",,45.25,,PS-446,manual
,,,,Part Number,216-259 MFD.- BC-216,,USS_BC-216,,shopify,,,Pumps,,,US SEAL,,"pumps,residential,part,pool,no-image,capacitor",,,,,,,,True,,None,,216-259 MFD.- BC-216,,,True,US SEAL BC-216,,5,deny,,216-259 MFD.- BC-216 None,,5.35,,BC-216,manual
,,,,Part Number,"5/8"" Buna / Carbon Seal Assembly- PS-2172",,USS_PS-2172,,shopify,,,Pumps,,,US SEAL,,"pumps,residential,part,pool,no-image,pump seal",,,,,,,,True,,None,,"5/8"" Buna / Carbon Seal Assembly- PS-2172",,,True,US SEAL PS-2172,,5,deny,,"5/8"" Buna / Carbon Seal Assembly- PS-2172 None",,11.88,,PS-2172,manual
,,,,Part Number,460-552 MFD.- BC-460,,USS_BC-460,,shopify,,,Pumps,,,US SEAL,,"part,no-image,capacitor",,,,,,,,True,,,,460-552 MFD.- BC-460,,,True,US SEAL BC-460,None,5,deny,,460-552 MFD.- BC-460 None,,7.07,,BC-460,manual
,,,,Part Number,Silicon Carbide Version- PS-185V-SC-SC,,USS_PS-185V-SC-SC,,shopify,,,Pumps,,,US SEAL,,"part,no-image,pump seal",,,,,,,,True,,,,Silicon Carbide Version- PS-185V-SC-SC,,,True,US SEAL PS-185V-SC-SC,None,5,deny,,Silicon Carbide Version- PS-185V-SC-SC None,,71.43,,PS-185V-SC-SC,manual
,,,,Part Number,Replacement Seal PACO K105-1- VGK-1018,,USS_VGK-1018,,shopify,,,Pumps,,,US SEAL,,"part,no-image,pump seal",,,,,,,,True,,,,Replacement Seal PACO K105-1- VGK-1018,,,True,US SEAL VGK-1018,None,5,deny,,Replacement Seal PACO K105-1- VGK-1018 None,,138.5,,VGK-1018,manual
,,,,Part Number,340-408 MFD.- BC-340,,USS_BC-340,,shopify,,,Pumps,,,US SEAL,,"pumps,residential,part,pool,no-image,capacitor",,,,,,,,True,,None,,340-408 MFD.- BC-340,,,True,US SEAL BC-340,,5,deny,,340-408 MFD.- BC-340 None,,7.23,,BC-340,manual
,,,,Part Number,".625""- RBL-6203-10-LL",,USS_RBL-6203-10-LL,,shopify,,,Pumps,,,US SEAL,,"part,no-image",,,,,,,,True,,,,".625""- RBL-6203-10-LL",,,True,US SEAL RBL-6203-10-LL,None,5,deny,,".625""- RBL-6203-10-LL None",,6.4,,RBL-6203-10-LL,manual
,,,,Part Number,Value Guard Version- VG-411,,USS_VG-411,,shopify,,,Pumps,,,US SEAL,,"part,no-image",,,,,,,,True,,,,Value Guard Version- VG-411,,,True,US SEAL VG-411,None,5,deny,,Value Guard Version- VG-411 None,,25.83,,VG-411,manual
,,,,Part Number,Ozone / Salt Service Version- PS-3874,,USS_PS-3874,,shopify,,,Pumps,,,US SEAL,,"part,no-image,pump seal",,,,,,,,True,,,,Ozone / Salt Service Version- PS-3874,,,True,US SEAL PS-3874,None,5,deny,,Ozone / Salt Service Version- PS-3874 None,,19.98,,PS-3874,manual
